Date,SBUX,FB,WMT,DIS,GME
2021-02-26,108.03,257.62,129.92,189.04,101.74
2021-02-25,103.47,254.69,131.95,190.98,108.73
2021-02-24,104.38,264.31,133.21,197.51,91.71
2021-02-23,101.37,265.855,135.47,197.09,44.97
2021-02-22,101.81,260.33,137.69,191.76,46.0
2021-02-19,103.37,261.56,138.34,183.65,40.59
2021-02-18,104.97,269.39,137.66,183.0,40.69
2021-02-17,104.44,273.57,147.2,186.44,45.94
2021-02-16,105.7,273.97,145.66,186.35,49.51
2021-02-12,104.85,270.5,144.47,187.67,52.4
2021-02-11,105.41,270.39,144.02,190.91,51.1
2021-02-10,105.42,271.87,144.13,189.63,51.2
2021-02-09,105.77,269.45,145.83,188.21,50.31
2021-02-08,105.81,266.58,145.03,190.0,60.0
2021-02-05,106.03,268.1,144.36,181.16,63.77
2021-02-04,103.2,266.49,142.53,180.23,53.5
2021-02-03,100.59,266.65,141.2,176.43,92.41
2021-02-02,101.22,267.08,140.77,176.96,90.0
2021-02-01,98.162,262.01,139.27,170.97,225.0
2021-01-29,96.4,258.33,140.49,168.17,325.0
2021-01-28,97.734,265.0,143.75,171.88,193.6
2021-01-27,97.455,272.14,143.84,163.03,347.51
2021-01-26,104.25,282.05,147.51,169.56,147.98
2021-01-25,103.01,278.01,146.2,171.89,76.79
2021-01-22,103.47,274.5,146.33,172.78,65.01
2021-01-21,104.14,272.87,144.85,171.28,43.03
2021-01-20,105.01,267.48,145.51,173.64,39.12
2021-01-19,102.11,261.1,143.39,172.26,39.36
2021-01-15,101.9,251.36,144.64,171.44,35.5
2021-01-14,101.39,245.64,146.97,173.43,39.91
2021-01-13,102.45,251.64,147.45,176.12,31.4
2021-01-12,102.38,251.09,148.97,175.99,19.95
2021-01-11,104.16,256.84,147.29,179.09,19.94
2021-01-08,105.22,267.57,146.63,178.69,17.69
2021-01-07,102.91,268.74,146.65,178.58,18.08
2021-01-06,103.75,263.31,146.66,179.12,18.36
2021-01-05,103.0,270.97,145.75,178.44,17.37
2021-01-04,102.66,268.94,146.53,177.68,17.25
2020-12-31,106.53,273.16,144.15,181.18,18.84
2020-12-30,105.52,271.87,144.18,181.17,19.26
2020-12-29,105.18,276.78,144.3,177.3,19.38
2020-12-28,103.9,277.0,145.22,178.86,20.99
2020-12-24,101.58,267.4,143.5,173.73,20.15
2020-12-23,101.63,268.11,143.22,173.55,20.57
2020-12-22,101.98,267.09,144.2,170.45,19.46
2020-12-21,102.5,272.79,145.97,170.69,15.53
2020-12-18,102.84,276.4,145.95,172.89,15.63
2020-12-17,102.77,274.48,146.1,173.55,14.83
2020-12-16,102.83,275.67,145.43,173.12,13.85
2020-12-15,103.74,275.55,145.58,173.94,13.85
2020-12-14,102.88,274.19,145.65,169.3,12.72
2020-12-11,102.56,273.55,147.0,175.72,13.31
2020-12-10,104.94,277.12,147.04,154.69,14.12
2020-12-09,99.97,277.92,147.73,154.43,13.66
2020-12-08,100.78,283.4,148.91,153.72,16.94
2020-12-07,100.98,285.58,147.57,153.68,16.35
2020-12-04,101.85,279.7,148.37,154.14,16.9
2020-12-03,99.69,281.85,148.76,153.24,16.12
2020-12-02,98.491,287.52,149.97,153.61,16.58
2020-12-01,98.401,286.55,152.08,149.44,15.8
2020-11-30,97.604,276.97,152.23,148.01,16.56
2020-11-27,98.242,277.81,151.05,147.13,16.08
2020-11-25,97.784,275.59,151.28,149.09,14.75
2020-11-24,97.883,276.92,150.81,151.49,13.67
2020-11-23,96.469,268.43,150.38,145.98,13.9
2020-11-20,96.599,269.7,149.69,141.07,12.71
2020-11-19,97.346,272.94,151.57,141.72,12.46
2020-11-18,97.495,271.97,148.55,143.9,11.57
2020-11-17,98.182,275.0,148.83,144.5,11.63
2020-11-16,97.365,278.96,151.88,144.67,12.06
2020-11-13,95.155,276.95,149.99,138.36,11.01
2020-11-12,93.133,275.08,147.69,135.52,11.13
2020-11-11,94.637,276.48,147.44,137.82,11.75
2020-11-10,93.522,272.43,145.03,142.11,11.1
2020-11-09,95.025,278.77,143.02,142.59,11.49
2020-11-06,89.843,293.41,145.24,127.46,11.86
2020-11-05,89.813,294.68,142.95,126.96,11.45
2020-11-04,88.99,287.38,141.44,125.07,10.91
2020-11-03,87.602,265.3,142.26,124.02,11.57
2020-11-02,85.204,261.36,139.89,120.13,10.75
2020-10-30,86.185,263.11,138.24,121.25,10.47
2020-10-29,87.513,280.83,139.41,121.54,11.73
2020-10-28,86.393,267.67,139.53,118.47,11.82
2020-10-27,89.247,283.29,142.35,123.31,12.69
2020-10-26,88.861,277.11,141.64,124.06,13.45
2020-10-23,89.991,284.79,143.33,128.35,15.0
2020-10-22,88.564,278.12,143.03,127.56,14.91
2020-10-21,87.484,278.73,143.87,126.63,14.1
2020-10-20,87.722,267.56,143.38,124.95,13.86
2020-10-19,86.819,261.4,142.43,124.23,13.91
2020-10-16,87.731,265.93,144.18,126.81,13.31
2020-10-15,88.038,266.72,144.0,127.36,13.83
2020-10-14,88.514,271.82,143.42,126.59,12.25
2020-10-13,89.357,276.14,145.7,128.96,11.88
2020-10-12,89.971,275.75,143.72,124.97,11.8
2020-10-09,89.208,264.45,142.26,124.98,12.02
2020-10-08,88.732,263.76,140.85,123.09,13.49
2020-10-07,87.662,258.12,140.38,122.91,9.36
2020-10-06,86.235,258.66,140.12,120.93,9.13
2020-10-05,87.682,264.65,141.28,123.37,9.46
2020-10-02,85.799,259.94,139.99,122.55,9.39
2020-10-01,85.967,266.63,142.56,123.31,9.77
2020-09-30,85.154,261.9,139.4,124.08,10.2
2020-09-29,84.044,261.79,136.64,125.4,10.35
2020-09-28,85.303,256.82,136.75,125.99,10.09
2020-09-25,83.548,254.82,136.77,124.0,10.02
2020-09-24,82.3,249.53,136.2,122.49,9.14
2020-09-23,82.25,249.02,135.49,123.28,10.04
2020-09-22,83.202,254.75,137.81,127.21,10.56
2020-09-21,83.142,248.15,136.57,125.41,8.75
2020-09-18,84.193,252.53,134.8,128.63,9.47
2020-09-17,85.977,254.82,136.19,130.22,9.2
2020-09-16,87.592,263.52,135.76,132.09,8.68
2020-09-15,86.928,272.42,136.86,131.24,7.09
2020-09-14,85.857,266.15,136.82,131.25,6.91
2020-09-11,84.51,266.61,136.2,131.75,6.09
2020-09-10,84.124,268.09,136.31,133.22,6.23
2020-09-09,85.095,273.72,139.38,133.36,7.35
2020-09-08,84.649,271.16,137.95,134.2,7.7
2020-09-04,85.501,282.73,142.31,131.99,7.65
2020-09-03,85.709,291.12,144.01,133.24,7.82
2020-09-02,87.562,302.5,147.14,135.39,7.71
2020-09-01,85.283,295.44,147.05,133.55,7.65
2020-08-31,83.718,293.2,138.34,131.87,6.68
2020-08-28,84.242,293.66,139.79,135.54,5.39
2020-08-27,82.667,293.22,136.13,133.73,5.25
2020-08-26,81.675,303.91,130.22,132.18,5.11
2020-08-25,81.983,280.82,130.15,129.79,4.98
2020-08-24,77.979,271.39,130.85,130.69,4.87
2020-08-21,76.383,267.01,131.15,127.44,5.03
2020-08-20,76.532,269.01,130.09,128.12,4.61
2020-08-19,76.938,262.59,131.93,127.77,4.72
2020-08-18,78.286,262.34,134.22,128.92,4.81
2020-08-17,78.246,261.16,135.11,129.37,4.63
2020-08-14,77.671,261.24,132.12,130.53,4.75
2020-08-13,78.316,261.3,131.37,130.96,4.64
2020-08-12,78.583,259.89,130.87,131.79,4.52
2020-08-11,78.167,256.13,129.2,130.49,4.35
2020-08-10,76.779,263.0,130.86,128.79,4.33
2020-08-07,75.114,268.44,128.97,129.93,4.16
2020-08-06,74.986,265.28,128.35,130.82,4.43
2020-08-05,74.698,249.12,128.81,127.61,4.63
2020-08-04,74.058,249.83,130.62,117.29,4.43
2020-08-03,74.423,251.96,128.3,116.35,4.15
2020-07-31,75.438,253.67,128.4,116.94,4.01
2020-07-30,75.545,234.5,129.12,115.66,4.1
2020-07-29,76.315,233.29,129.68,115.61,4.06
2020-07-28,73.575,230.12,130.74,116.18,3.94
2020-07-27,75.368,233.5,130.19,116.31,4.01
2020-07-24,74.698,230.71,130.22,117.61,4.03
2020-07-23,74.284,232.6,130.62,118.12,4.11
2020-07-22,76.137,239.87,131.64,119.03,4.11
2020-07-21,74.363,241.75,131.31,118.62,4.01
2020-07-20,73.889,245.42,130.45,117.79,3.85
2020-07-17,73.102,242.03,130.72,118.65,3.96
2020-07-16,73.329,240.93,131.18,119.43,4.17
2020-07-15,74.531,240.28,130.98,120.9,4.19
2020-07-14,71.692,239.73,130.99,118.66,4.08
2020-07-13,71.613,239.0,128.52,116.22,4.26
2020-07-10,73.229,245.07,129.67,119.34,4.34
2020-07-09,72.52,244.5,126.77,116.81,4.21
2020-07-08,73.082,243.58,123.48,116.66,4.26
2020-07-07,73.189,240.86,125.97,113.63,4.09
2020-07-06,74.363,240.28,117.97,114.43,4.24
2020-07-02,72.727,233.42,118.29,112.18,4.29
2020-07-01,72.972,237.55,118.77,113.01,4.44
2020-06-30,72.539,227.07,118.86,111.51,4.34
2020-06-29,72.431,220.64,118.14,111.52,4.38
2020-06-26,70.549,216.08,117.41,109.1,4.35
2020-06-25,72.795,235.68,118.79,111.36,4.46
2020-06-24,72.589,234.02,119.37,112.07,4.41
2020-06-23,74.413,242.24,120.13,116.59,4.83
2020-06-22,74.324,239.22,120.74,115.92,4.87
2020-06-19,74.324,238.79,118.93,114.35,4.88
2020-06-18,75.221,235.94,117.08,118.37,4.95
2020-06-17,75.999,235.53,118.11,117.65,4.76
2020-06-16,76.729,235.65,118.73,118.44,4.64
2020-06-15,75.862,232.5,117.17,117.08,4.69
2020-06-12,75.289,228.58,116.83,115.49,4.72
2020-06-11,71.533,224.43,119.16,112.64,4.37
2020-06-10,77.882,236.73,120.22,122.18,5.07
2020-06-09,81.194,238.67,120.41,123.89,4.96
2020-06-08,82.367,231.4,120.3,127.28,5.01
2020-06-05,80.968,230.77,120.62,124.82,4.14
2020-06-04,77.616,226.29,121.17,123.69,4.47
2020-06-03,78.444,230.16,122.51,122.18,4.44
2020-06-02,76.67,232.72,122.98,118.75,4.18
2020-06-01,77.201,231.91,123.0,118.77,4.13
2020-05-29,76.877,225.09,123.1,117.3,4.06
2020-05-28,77.418,225.46,122.73,116.75,4.33
2020-05-27,77.478,229.14,121.54,121.53,4.69
2020-05-26,76.65,232.2,122.9,120.95,4.42
2020-05-22,76.512,234.91,123.37,118.02,4.18
2020-05-21,76.936,231.39,124.03,117.83,4.44
2020-05-20,76.65,229.97,124.48,119.92,4.43
2020-05-19,74.778,216.88,123.99,114.37,4.44
2020-05-18,75.142,213.19,126.68,116.85,4.58
2020-05-15,73.102,210.88,124.96,109.05,4.22
2020-05-14,73.132,206.81,122.46,105.91,4.13
2020-05-13,72.569,205.1,122.75,102.92,4.21
2020-05-12,73.289,210.1,122.82,104.56,4.54
2020-05-11,74.788,213.18,122.71,107.77,4.76
2020-05-08,76.759,212.35,121.99,109.16,4.98
2020-05-07,74.915,211.26,120.95,105.57,4.87
2020-05-06,71.514,208.47,121.81,100.88,4.93
2020-05-05,71.456,207.07,123.22,101.06,5.39
2020-05-04,70.465,205.26,122.21,103.18,5.48
2020-05-01,72.327,202.27,121.44,105.5,6.05
2020-04-30,75.21,204.71,120.08,108.15,5.73
2020-04-29,75.336,194.19,122.11,112.25,6.04
2020-04-28,77.132,182.91,126.46,106.21,5.64
2020-04-27,76.2,187.5,126.76,106.06,5.82
2020-04-24,74.082,190.07,127.87,101.19,4.77
2020-04-23,73.661,185.13,126.99,101.0,4.7
2020-04-22,75.915,182.28,129.99,100.99,4.89
2020-04-21,71.279,170.8,127.64,100.54,4.78
2020-04-20,73.828,178.24,128.28,102.26,5.61
2020-04-17,75.572,179.24,130.52,106.63,4.88
2020-04-16,72.054,176.25,130.73,102.02,5.03
2020-04-15,71.112,176.97,127.21,103.37,5.27
2020-04-14,72.211,178.17,127.44,106.03,5.95
2020-04-13,70.339,174.79,123.79,103.5,4.74
2020-04-09,72.417,175.19,120.33,104.5,3.89
2020-04-08,70.152,174.28,120.37,101.07,3.41
2020-04-07,67.348,168.83,120.52,101.24,3.27
2020-04-06,66.446,165.55,124.55,99.58,3.09
2020-04-03,61.801,154.18,118.04,93.88,2.8
2020-04-02,63.712,158.19,117.22,96.97,2.85
2020-04-01,61.379,159.6,112.76,94.92,3.25
2020-03-31,64.438,166.8,112.25,96.6,3.5
2020-03-30,66.516,165.95,113.8,99.8,3.65
2020-03-27,65.025,156.79,108.25,96.4,4.22
2020-03-26,68.515,163.34,108.49,105.36,4.41
2020-03-25,64.506,156.21,108.07,100.73,4.17
2020-03-24,63.594,160.98,113.64,98.12,4.16
2020-03-23,55.43,148.1,112.9,85.76,3.81
2020-03-20,56.881,149.73,112.6,85.98,3.76
2020-03-19,60.194,153.13,118.01,94.93,4.19
2020-03-18,55.214,146.96,120.57,88.8,3.77
2020-03-17,57.812,149.42,117.3,93.53,4.23
2020-03-16,57.43,146.01,105.01,95.01,4.37
2020-03-13,68.534,170.28,112.23,102.52,4.59
2020-03-12,60.87,154.47,102.35,91.81,3.98
2020-03-11,66.947,170.24,112.56,105.51,4.14
2020-03-10,73.386,178.19,117.82,111.46,4.23
2020-03-09,69.426,169.5,115.23,104.35,3.7
2020-03-06,73.848,181.09,115.3,115.27,3.92
2020-03-05,74.68,185.17,114.01,113.98,3.96
2020-03-04,78.091,191.76,114.86,119.18,3.77
2020-03-03,77.042,185.89,111.05,116.45,3.63
2020-03-02,80.748,196.44,113.97,119.98,3.83
2020-02-28,76.876,192.47,105.91,117.65,3.6
2020-02-27,76.739,189.75,108.58,118.04,3.47
2020-02-26,79.072,197.2,111.91,123.36,3.39
2020-02-25,80.561,196.77,112.52,128.19,3.56
2020-02-24,82.845,200.72,114.41,133.01,3.7
2020-02-21,85.628,210.18,116.63,138.97,4.04
2020-02-20,86.844,214.58,115.76,140.37,4.14
2020-02-19,88.354,217.49,115.75,141.3,4.15
2020-02-18,87.463,217.8,117.66,139.14,4.06
2020-02-14,87.511,214.18,115.96,139.54,4.02
2020-02-13,88.144,213.14,115.51,140.9,4.11
2020-02-12,86.814,210.76,113.94,141.85,4.19
2020-02-11,85.776,207.19,113.51,141.01,4.02
2020-02-10,85.796,213.06,113.36,142.59,3.94
2020-02-07,84.707,212.33,114.54,141.02,3.81
2020-02-06,84.443,210.85,114.4,142.7,4.14
2020-02-05,85.826,210.11,114.9,141.37,4.18
2020-02-04,86.228,209.83,113.38,144.73,4.07
2020-02-03,83.915,204.19,112.4,141.32,3.95
2020-01-31,82.764,201.91,112.62,138.31,3.84
2020-01-30,83.748,209.53,114.67,137.81,3.93
2020-01-29,84.608,223.23,113.98,136.06,4.13
2020-01-28,86.442,217.79,114.69,138.37,4.21
2020-01-27,86.568,214.87,113.95,135.9,4.28
2020-01-24,89.788,217.94,112.5,140.08,4.32
2020-01-23,91.467,219.76,113.91,142.2,4.62
2020-01-22,90.275,221.32,114.19,144.01,4.56
2020-01-21,90.275,221.44,113.69,143.56,4.59
2020-01-17,91.339,222.14,113.07,144.33,4.75
2020-01-16,90.324,221.77,113.99,145.12,4.62
2020-01-15,89.31,221.15,113.39,144.32,4.61
2020-01-14,88.774,219.06,114.27,145.2,4.71
2020-01-13,88.861,221.91,113.97,143.88,5.43
2020-01-10,87.964,218.06,114.47,144.62,5.43
2020-01-09,88.325,218.3,115.43,144.83,5.55
2020-01-08,86.715,215.22,114.25,145.4,5.72
2020-01-07,85.72,213.06,114.65,145.7,5.52
2020-01-06,85.983,212.6,115.72,145.65,5.85
2020-01-03,86.666,208.67,115.96,146.5,5.88
2020-01-02,87.174,209.78,116.99,148.2,6.31
2019-12-31,85.778,205.25,116.89,144.63,6.08
2019-12-30,85.31,204.41,117.44,143.77,6.13
2019-12-27,85.983,208.1,117.62,145.75,5.9
2019-12-26,85.928,207.79,117.55,145.7,5.4
2019-12-24,86.363,205.12,117.54,145.29,5.44
2019-12-23,86.081,206.18,117.08,144.68,5.61
2019-12-20,86.305,206.3,118.32,146.88,5.99
2019-12-19,86.363,206.06,118.11,146.15,6.06
2019-12-18,85.847,202.5,117.89,146.26,6.16
2019-12-17,85.983,198.39,119.29,147.73,6.06
2019-12-16,86.617,197.92,118.56,148.46,5.5
2019-12-13,86.51,194.11,118.32,146.38,5.45
2019-12-12,86.062,196.75,117.79,146.88,5.58
2019-12-11,84.48,202.26,117.05,146.71,5.53
2019-12-10,83.944,200.87,117.19,145.23,6.51
2019-12-09,84.178,201.34,117.4,145.34,6.33
2019-12-06,84.217,201.05,117.81,146.78,6.68
2019-12-05,82.393,199.36,116.71,146.56,6.4
2019-12-04,83.319,198.71,116.22,147.4,6.43
2019-12-03,82.755,198.82,116.2,147.7,6.12
2019-12-02,82.51,199.7,116.8,149.72,6.17
2019-11-29,83.349,201.64,116.61,150.68,6.34
2019-11-27,83.681,202.0,116.28,150.58,6.35
2019-11-26,82.5,198.97,116.71,150.74,6.1
2019-11-25,81.71,199.79,116.44,148.8,6.03
2019-11-22,80.997,198.82,116.88,147.41,5.66
2019-11-21,80.295,197.93,117.36,146.03,5.5
2019-11-20,81.563,197.51,116.65,146.05,5.46
2019-11-19,81.622,199.32,117.39,147.5,5.5
2019-11-18,81.973,197.4,117.74,146.77,5.62
2019-11-15,82.158,195.1,116.39,143.81,5.88
2019-11-14,82.325,193.15,118.14,146.27,5.98
2019-11-13,81.894,193.19,118.46,147.83,5.94
2019-11-12,81.29,194.47,116.64,137.75,5.92
2019-11-11,80.022,189.61,116.56,135.93,6.02
2019-11-08,79.381,190.84,116.96,137.14,6.09
2019-11-07,79.555,190.42,117.72,132.17,6.22
2019-11-06,80.565,191.55,117.02,130.49,6.09
2019-11-05,79.499,194.32,116.38,130.67,5.91
2019-11-04,79.964,194.72,115.12,132.13,5.85
2019-11-01,80.779,193.62,115.16,131.96,5.84
2019-10-31,82.089,191.65,114.83,129.15,5.44
2019-10-30,81.729,188.25,115.64,128.83,5.73
2019-10-29,81.673,189.31,114.72,128.71,5.81
2019-10-28,81.158,189.4,116.74,129.75,6.19
2019-10-25,80.944,187.89,116.56,130.12,6.35
2019-10-24,80.75,186.38,116.62,129.48,6.42
2019-10-23,80.323,186.15,116.87,130.35,6.43
2019-10-22,81.021,182.34,117.1,131.61,6.39
2019-10-21,82.856,189.76,117.25,129.48,5.93
2019-10-18,83.516,185.85,116.66,130.11,5.94
2019-10-17,83.769,190.39,117.34,131.58,6.03
2019-10-16,84.177,189.55,116.94,130.08,5.88
2019-10-15,83.925,188.89,117.05,128.99,5.61
2019-10-14,84.089,183.28,116.69,128.93,5.58
2019-10-11,83.836,184.19,117.73,129.25,5.37
2019-10-10,83.449,180.03,117.13,128.57,5.05
2019-10-09,83.342,179.85,116.45,128.56,4.99
2019-10-08,82.43,177.75,115.12,127.7,5.23
2019-10-07,83.342,179.68,114.8,130.12,5.49
2019-10-04,83.41,180.45,115.7,129.49,5.55
2019-10-03,82.197,179.38,113.89,127.39,5.42
2019-10-02,81.858,174.6,113.7,128.37,5.32
2019-10-01,83.983,175.81,115.39,128.78,5.58
2019-09-30,85.838,178.08,116.21,129.54,5.52
2019-09-27,85.788,177.1,115.99,129.19,5.34
2019-09-26,87.176,180.11,115.84,130.49,5.28
2019-09-25,87.712,182.8,116.01,132.3,5.2
2019-09-24,87.294,181.28,115.94,131.18,5.01
2019-09-23,88.158,186.82,115.16,131.67,5.02
2019-09-20,87.439,189.93,114.55,131.48,4.7
2019-09-19,88.885,190.14,114.68,132.51,4.44
2019-09-18,88.303,188.14,114.73,135.99,4.6
2019-09-17,88.099,188.08,114.08,135.5,4.33
2019-09-16,86.807,186.22,113.16,134.99,4.35
2019-09-13,87.836,187.19,114.99,137.2,4.41
2019-09-12,89.371,187.47,114.49,136.68,4.58
2019-09-11,88.322,188.49,113.6,135.38,4.59
2019-09-10,87.712,186.17,113.63,134.98,5.09
2019-09-09,91.409,188.76,113.91,138.0,4.76
2019-09-06,92.943,187.49,112.35,138.72,4.31
2019-09-05,92.769,190.9,113.03,138.01,4.23
2019-09-04,93.302,187.14,113.5,137.07,3.98
2019-09-03,93.942,182.39,112.26,135.5,3.81
2019-08-30,93.739,185.67,111.88,136.44,3.97
2019-08-29,94.845,185.57,111.7,137.02,4.23
2019-08-28,94.235,181.76,110.38,135.74,3.88
2019-08-27,93.282,181.3,110.09,133.69,3.7
2019-08-26,93.681,180.36,109.66,133.81,3.82
2019-08-23,91.934,177.75,108.52,130.89,3.65
2019-08-22,93.671,182.04,109.58,135.27,3.87
2019-08-21,93.506,183.55,109.69,134.95,3.54
2019-08-20,92.836,183.81,109.72,134.33,3.42
2019-08-19,93.837,186.17,111.44,134.48,3.38
2019-08-16,93.7,183.7,110.64,134.39,3.32
2019-08-15,92.739,182.59,110.35,132.62,3.21
2019-08-14,92.148,179.71,103.99,132.06,3.32
2019-08-13,93.807,188.45,105.18,136.19,3.47
2019-08-12,92.138,185.37,103.02,134.99,3.505
2019-08-09,93.486,187.85,105.05,137.7,3.59
2019-08-08,93.457,190.16,106.26,137.07,3.89
2019-08-07,92.437,185.15,105.42,134.06,3.81
2019-08-06,92.205,184.51,104.52,141.03,3.81
2019-08-05,90.619,181.73,103.1,137.48,3.71
2019-08-02,92.37,189.02,106.59,140.87,3.78
2019-08-01,92.243,192.73,106.57,141.01,3.84
2019-07-31,91.576,194.23,107.56,142.16,4.02
2019-07-30,93.472,197.04,109.19,144.07,4.03
2019-07-29,94.797,195.94,109.4,145.52,4.12
2019-07-26,95.851,199.75,110.14,143.79,4.01
2019-07-25,87.988,200.71,109.35,142.36,3.98
2019-07-24,87.67,204.66,109.13,140.45,4.08
2019-07-23,87.147,202.36,109.22,140.42,4.09
2019-07-22,87.931,202.32,109.94,140.0,4.14
2019-07-19,87.331,198.36,110.97,139.02,4.32
2019-07-18,88.491,200.78,111.78,140.79,4.2
2019-07-17,87.283,201.8,111.66,141.72,4.38
2019-07-16,87.119,203.84,111.82,143.44,4.63
2019-07-15,87.195,203.91,112.04,144.2,4.75
2019-07-12,86.817,204.87,111.66,144.02,4.91
2019-07-11,86.141,201.23,110.99,142.71,4.84
2019-07-10,85.474,202.73,110.1,142.69,5.18
2019-07-09,84.362,199.21,110.0,140.77,5.31
2019-07-08,84.566,195.76,109.84,140.18,5.45
2019-07-05,84.904,196.4,109.11,141.6,5.52
2019-07-03,84.904,197.2,109.44,141.25,5.31
2019-07-02,82.698,195.0,108.73,140.81,5.38
2019-07-01,81.77,193.0,107.8,139.94,5.36
2019-06-28,81.074,193.0,107.67,137.95,5.47
2019-06-27,80.812,189.5,107.28,137.62,5.54
2019-06-26,80.639,187.66,107.34,138.71,5.47
2019-06-25,81.481,188.84,107.89,138.25,5.45
2019-06-24,80.9,192.6,108.39,137.54,5.37
2019-06-21,81.064,191.14,108.28,138.54,5.42
2019-06-20,81.904,189.53,107.5,140.31,5.53
2019-06-19,81.055,187.48,106.81,139.22,5.63
2019-06-18,80.194,188.47,106.84,137.56,5.73
2019-06-17,80.291,189.01,106.36,139.27,5.7
2019-06-14,81.471,181.33,106.28,139.94,5.63
2019-06-13,80.61,177.47,105.87,140.03,5.7
2019-06-12,80.204,175.04,106.04,134.08,5.5
2019-06-11,79.662,178.1,105.18,133.45,5.72
2019-06-10,79.237,174.82,104.77,135.42,5.44
2019-06-07,79.768,173.35,103.34,136.37,5.02
2019-06-06,78.725,168.33,102.43,135.56,5.13
2019-06-05,77.332,168.17,101.75,134.3,5.04
2019-06-04,75.939,167.5,99.93,133.19,7.82
2019-06-03,73.713,164.15,99.357,130.87,7.47
2019-05-31,73.559,177.47,98.841,130.45,7.58
2019-05-30,73.666,183.01,99.58,130.61,7.6
2019-05-29,72.805,182.19,99.51,129.98,7.57
2019-05-28,73.21,184.31,99.8,131.02,7.74
2019-05-24,73.646,181.06,100.04,131.18,7.82
2019-05-23,73.896,180.87,99.257,131.12,7.7
2019-05-22,74.71,185.32,99.62,132.24,7.9
2019-05-21,74.98,184.82,98.526,132.47,8.13
2019-05-20,74.139,182.72,98.92,132.3,8.06
2019-05-17,76.315,185.3,98.279,133.41,8.61
2019-05-16,76.306,186.99,98.714,133.87,8.67
2019-05-15,75.203,186.27,97.322,133.05,8.69
2019-05-14,74.527,180.73,97.723,131.59,8.53
2019-05-13,74.158,181.54,97.332,129.75,8.26
2019-05-10,75.841,188.34,99.307,132.43,8.48
2019-05-09,75.338,188.65,96.991,131.98,8.52
2019-05-08,75.484,189.54,97.216,133.36,8.69
2019-05-07,75.048,189.77,98.181,131.83,8.77
2019-05-06,75.146,193.88,99.317,133.37,8.85
2019-05-03,75.136,195.47,98.94,132.7,8.97
2019-05-02,74.577,192.53,98.043,132.52,8.77
2019-05-01,74.625,193.03,98.24,134.73,8.51
2019-04-30,74.779,193.4,99.69,135.32,8.65
2019-04-29,74.039,194.78,98.438,137.62,8.76
2019-04-26,74.558,191.49,98.408,138.23,8.89
2019-04-25,74.23,193.26,100.34,135.59,8.95
2019-04-24,73.536,182.58,100.35,133.47,9.01
2019-04-23,73.152,183.78,99.9,131.75,8.89
2019-04-22,72.585,181.44,99.227,130.09,8.65
2019-04-18,73.219,178.28,100.0,130.85,8.77
2019-04-17,72.314,178.78,99.98,130.16,8.94
2019-04-16,72.872,178.87,99.78,128.33,9.08
2019-04-15,73.316,179.65,99.287,130.45,8.94
2019-04-12,73.788,179.1,98.438,128.49,9.32
2019-04-11,73.037,177.51,97.703,115.19,9.76
2019-04-10,72.661,177.82,96.538,115.75,9.97
2019-04-09,72.314,177.58,95.655,115.45,9.82
2019-04-08,72.392,174.93,96.178,113.57,9.94
2019-04-05,72.229,175.72,95.79,113.61,9.86
2019-04-04,71.574,176.02,95.092,113.36,10.03
2019-04-03,71.554,173.54,94.199,111.16,9.63
2019-04-02,71.497,174.2,93.959,110.61,10.1
2019-04-01,71.197,168.7,94.811,111.15,10.37
2019-03-29,71.564,166.69,94.531,109.69,10.16
2019-03-28,71.197,165.55,94.144,109.37,10.19
2019-03-27,70.024,165.87,94.219,108.95,10.29
2019-03-26,70.234,167.68,95.296,108.81,10.35
2019-03-25,69.599,166.29,95.15,106.49,10.14
2019-03-22,69.274,164.34,95.258,106.92,10.45
2019-03-21,69.561,166.08,96.013,107.35,10.55
2019-03-20,68.955,165.44,95.607,108.66,10.5
2019-03-19,68.714,161.57,96.779,108.67,10.96
2019-03-18,68.196,160.47,96.594,111.75,11.07
2019-03-15,68.031,165.98,95.392,113.57,11.06
2019-03-14,68.098,170.17,95.199,113.1,10.95
2019-03-13,67.482,173.37,95.471,112.71,11.2
2019-03-12,67.434,171.92,94.835,113.34,11.094
2019-03-11,67.076,172.07,94.94,113.36,10.891
2019-03-08,66.771,169.6,94.083,112.44,10.61
2019-03-07,67.974,169.13,93.948,112.64,11.21
2019-03-06,68.608,172.51,94.729,113.46,11.181
2019-03-05,68.907,171.26,94.805,112.63,11.219
2019-03-04,68.299,167.37,94.333,112.95,11.19
2019-03-01,68.206,162.28,94.408,112.64,11.364
2019-02-28,67.636,161.45,95.432,111.48,11.316
2019-02-27,67.53,162.81,94.584,111.42,11.287
2019-02-26,68.482,164.13,95.142,112.13,11.258
2019-02-25,68.398,164.62,95.558,112.22,11.171
2019-02-22,68.637,161.89,95.972,113.86,10.997
2019-02-21,68.059,160.04,95.818,112.91,10.668
2019-02-20,67.762,162.56,96.29,112.31,10.832
2019-02-19,67.579,162.29,98.517,112.14,10.832
2019-02-15,68.068,162.5,96.395,111.23,11.055
2019-02-14,68.196,163.95,94.98,109.33,10.958
2019-02-13,67.876,164.07,94.418,108.87,11.094
2019-02-12,67.145,165.04,93.484,107.88,11.171
2019-02-11,67.377,165.79,92.742,108.12,10.929
2019-02-08,67.145,167.33,92.145,110.16,10.978
2019-02-07,66.559,166.38,93.253,109.61,11.094
2019-02-06,66.278,170.49,92.202,110.06,11.132
2019-02-05,66.404,171.16,92.164,111.3,11.403
2019-02-04,64.718,169.25,91.364,110.45,10.997
2019-02-01,65.225,165.71,90.487,109.95,10.871
2019-01-31,65.255,166.69,92.385,110.17,10.968
2019-01-30,65.265,150.42,91.394,108.8,10.832
2019-01-29,64.202,144.19,93.233,109.56,10.91
2019-01-28,64.068,147.47,93.572,109.47,14.991
2019-01-25,64.249,149.01,93.454,109.75,15.378
2019-01-24,61.999,145.83,94.825,109.22,15.282
2019-01-23,63.618,144.3,95.162,109.78,14.972
2019-01-22,62.621,147.57,93.985,109.27,14.769
2019-01-18,61.961,150.04,94.216,109.7,15.407
2019-01-17,61.558,148.3,93.263,109.67,15.253
2019-01-16,61.071,147.54,92.886,109.57,15.165
2019-01-15,61.366,148.95,92.791,110.41,15.02
2019-01-14,60.687,145.39,91.537,111.06,15.127
2019-01-11,61.031,143.8,91.431,111.29,15.33
2019-01-10,61.473,144.2,91.547,111.44,15.436
2019-01-09,61.175,144.23,91.479,111.31,15.456
2019-01-08,60.927,142.53,91.778,110.07,15.291
2019-01-07,60.879,138.05,91.142,109.23,14.972
2019-01-04,60.879,137.95,90.082,108.29,14.74
2019-01-03,58.925,131.74,89.523,105.05,12.544
2019-01-02,61.597,135.68,89.985,107.66,12.641
2018-12-31,61.672,131.09,89.801,108.33,12.206
2018-12-28,60.707,133.2,88.819,106.0,11.877
2018-12-27,60.524,134.52,88.299,105.23,11.78
2018-12-26,60.409,134.18,87.161,104.55,11.993
2018-12-24,57.996,124.06,82.736,99.136,11.287
2018-12-21,58.79,124.95,83.999,102.96,11.568
2018-12-20,59.518,133.4,84.142,105.71,12.022
2018-12-19,61.346,133.24,87.295,107.9,12.167
2018-12-18,62.171,143.66,87.808,108.13,12.312
2018-12-17,61.74,140.19,87.507,109.29,12.235
2018-12-14,62.574,144.06,88.547,110.85,12.341
2018-12-13,64.078,145.01,89.617,112.02,12.37
2018-12-12,63.33,144.5,89.765,110.86,12.796
2018-12-11,63.129,142.08,90.477,110.62,12.525
2018-12-10,62.717,141.85,90.563,110.51,12.796
2018-12-07,62.698,137.42,89.84,110.63,12.864
2018-12-06,63.731,139.63,91.364,112.08,12.75
2018-12-04,63.829,137.93,91.865,110.65,12.694
2018-12-03,64.643,141.09,94.683,113.46,13.042
2018-11-30,63.896,140.61,93.63,113.21,12.845
2018-11-29,64.048,138.68,93.283,114.32,13.757
2018-11-28,63.991,136.76,93.446,113.82,14.114
2018-11-27,63.282,135.0,91.126,111.65,13.841
2018-11-26,62.908,136.38,91.234,110.33,13.71
2018-11-23,62.918,131.73,91.186,109.88,12.694
2018-11-21,63.941,134.82,90.293,110.81,12.892
2018-11-20,64.334,132.43,90.283,109.67,11.547
2018-11-19,65.034,131.55,92.796,113.15,12.252
2018-11-16,65.275,139.53,93.668,113.91,12.027
2018-11-15,64.756,143.85,95.442,114.8,12.346
2018-11-14,64.202,144.22,97.351,114.81,12.187
2018-11-13,64.212,142.16,98.694,114.55,13.051
2018-11-12,64.687,141.55,99.61,114.4,13.051
2018-11-09,65.345,144.96,101.22,115.68,13.766
2018-11-08,65.459,147.87,100.55,113.72,13.973
2018-11-07,64.927,151.53,100.01,114.75,14.011
2018-11-06,62.877,149.94,99.079,114.41,14.058
2018-11-05,61.42,148.68,98.665,113.17,14.096
2018-11-02,61.269,150.35,97.167,112.91,14.678
2018-11-01,55.847,151.75,96.435,113.82,14.434
2018-10-31,55.505,151.79,96.156,112.58,13.728
2018-10-30,55.809,146.22,98.191,112.51,13.794
2018-10-29,55.6,142.09,95.69,110.82,13.662
2018-10-26,55.315,145.37,94.865,110.97,12.892
2018-10-25,56.163,150.95,95.096,111.91,13.578
2018-10-24,55.305,146.04,93.543,109.41,14.17
2018-10-23,56.02,154.39,93.772,115.53,14.359
2018-10-22,56.104,154.78,93.141,115.95,14.218
2018-10-19,55.876,154.05,93.151,116.55,13.851
2018-10-18,55.856,154.92,92.209,113.9,14.162
2018-10-17,56.294,159.42,92.585,114.82,14.405
2018-10-16,55.066,158.78,91.865,113.91,14.377
2018-10-15,54.057,153.52,89.958,111.21,13.992
2018-10-12,53.77,153.74,90.905,110.39,13.917
2018-10-11,52.257,153.35,90.052,108.96,13.785
2018-10-10,53.352,151.38,91.815,110.64,13.945
2018-10-09,54.971,157.9,93.083,114.59,13.879
2018-10-08,53.857,157.25,90.791,113.74,14.086
2018-10-05,53.112,157.33,89.467,112.53,13.804
2018-10-04,53.238,158.85,90.332,113.85,13.935
2018-10-03,52.839,162.43,90.196,114.61,14.03
2018-10-02,52.951,159.33,91.234,115.34,13.983
2018-10-01,52.941,162.44,90.515,113.96,14.368
2018-09-28,54.143,164.46,90.042,114.64,14.359
2018-09-27,54.618,168.84,90.254,113.76,14.622
2018-09-26,54.553,166.95,90.696,112.94,14.66
2018-09-25,54.198,164.91,91.186,111.4,15.064
2018-09-24,53.998,165.41,91.011,110.55,14.594
2018-09-21,54.723,162.93,91.953,108.23,15.534
2018-09-20,53.752,166.02,91.805,109.42,15.506
2018-09-19,52.799,163.06,91.318,107.63,15.609
2018-09-18,52.457,160.3,91.5,107.38,15.516
2018-09-17,51.982,160.58,90.915,107.21,15.619
2018-09-14,52.152,162.32,90.696,107.11,15.43
2018-09-13,52.284,161.36,91.206,108.49,15.66
2018-09-12,52.362,162.0,92.017,107.31,15.312
2018-09-11,52.503,165.94,92.66,107.45,14.851
2018-09-10,52.362,164.18,92.909,108.5,14.705
2018-09-07,52.257,163.04,91.884,108.79,14.824
2018-09-06,51.635,162.53,92.479,108.09,14.834
2018-09-05,51.236,167.18,92.642,107.7,14.944
2018-09-04,50.991,171.16,91.433,108.67,12.913
2018-08-31,50.914,175.73,91.914,109.82,12.196
2018-08-30,50.579,177.64,92.143,109.72,12.481
2018-08-29,50.724,175.9,91.702,110.23,12.977
2018-08-28,50.534,176.26,92.115,110.36,12.894
2018-08-27,50.455,177.46,90.648,110.12,13.519
2018-08-24,50.247,174.645,91.04,109.73,15.21
2018-08-23,50.159,172.9,91.258,109.8,15.403
2018-08-22,50.315,173.64,91.732,109.74,15.606
2018-08-21,51.436,172.62,92.125,110.17,15.155
2018-08-20,51.362,172.5,92.047,109.79,14.567
2018-08-17,51.018,173.8,93.821,110.26,14.089
2018-08-16,50.524,174.7,94.579,110.26,13.988
2018-08-15,50.247,179.53,86.506,110.63,14.171
2018-08-14,50.094,181.11,87.11,110.53,14.245
2018-08-13,49.349,180.05,85.948,109.92,13.979
2018-08-10,49.067,180.26,86.468,110.46,14.079
2018-08-09,49.457,183.09,85.346,111.91,13.979
2018-08-08,49.102,185.18,85.843,111.73,14.015
2018-08-07,49.258,183.81,85.578,114.27,13.896
2018-08-06,49.258,185.69,85.48,113.66,13.658
2018-08-03,49.408,177.78,85.415,111.84,13.648
2018-08-02,48.888,176.37,84.614,110.53,13.436
2018-08-01,49.122,171.65,84.117,110.75,13.538
2018-07-31,49.558,172.58,85.062,111.33,13.244
2018-07-30,49.096,171.06,84.728,110.41,13.51
2018-07-27,49.329,174.89,84.014,110.4,13.629
2018-07-26,48.671,176.26,84.108,111.28,13.611
2018-07-25,48.83,217.5,83.795,108.99,13.336
2018-07-24,48.405,214.67,83.85,108.52,13.583
2018-07-23,48.424,210.91,83.537,108.9,13.685
2018-07-20,48.159,209.94,83.946,109.29,13.86
2018-07-19,48.565,208.09,83.622,109.93,13.712
2018-07-18,48.386,209.36,83.956,108.51,13.399
2018-07-17,48.507,209.99,84.07,108.13,13.399
2018-07-16,48.189,207.23,83.547,108.03,13.988
2018-07-13,48.83,207.32,83.604,107.83,14.043
2018-07-12,47.533,206.92,82.478,106.12,13.867
2018-07-11,47.429,202.54,82.487,105.92,13.51
2018-07-10,47.695,203.54,83.135,103.94,13.658
2018-07-09,47.203,204.74,81.915,103.93,14.218
2018-07-06,46.334,203.23,80.564,102.71,13.924
2018-07-05,45.981,198.45,80.619,102.45,13.446
2018-07-03,46.137,192.73,80.494,101.18,12.913
2018-07-02,46.407,197.36,80.075,102.44,13.014
2018-06-29,46.208,194.32,81.65,101.93,13.39
2018-06-28,45.919,196.23,81.85,101.89,13.675
2018-06-27,47.146,195.84,82.83,101.1,13.419
2018-06-26,47.657,199.0,81.964,101.39,13.758
2018-06-25,47.921,196.35,82.432,101.58,13.887
2018-06-22,48.471,201.74,80.857,103.42,14.264
2018-06-21,47.883,201.5,80.276,102.98,14.273
2018-06-20,49.398,202.0,79.705,104.21,14.437
2018-06-19,54.327,197.49,79.705,103.18,14.475
2018-06-18,54.13,198.31,79.124,104.12,13.969
2018-06-15,54.022,195.85,79.79,105.86,12.83
2018-06-14,53.94,196.81,79.876,105.76,11.809
2018-06-13,53.172,192.41,80.161,103.39,12.25
2018-06-12,53.428,192.4,80.171,101.46,12.913
2018-06-11,53.428,191.54,80.362,101.48,13.133
2018-06-08,53.541,189.1,80.42,101.12,13.005
2018-06-07,54.052,188.18,80.982,99.65,12.969
2018-06-06,54.082,191.34,80.61,99.106,12.906
2018-06-05,52.671,192.94,80.665,97.192,13.067
2018-06-04,53.984,193.28,81.43,97.485,12.745
2018-06-01,53.835,193.99,79.114,96.628,12.279
2018-05-31,53.607,191.78,78.683,96.734,11.814
2018-05-30,54.374,187.67,80.191,97.231,12.011
2018-05-29,54.139,185.74,78.551,96.949,11.68
2018-05-25,54.79,184.92,78.61,99.394,11.34
2018-05-24,54.563,185.93,78.98,99.305,11.402
2018-05-23,54.382,186.9,79.133,100.06,11.385
2018-05-22,53.883,183.8,79.476,101.21,11.34
2018-05-21,54.241,184.49,80.564,101.2,11.438
2018-05-18,54.072,182.68,79.733,101.07,11.152
2018-05-17,54.111,183.76,80.544,101.47,12.19
2018-05-16,54.062,183.2,82.106,102.15,12.128
2018-05-15,53.579,184.32,80.573,100.09,12.092
2018-05-14,54.042,186.64,80.448,99.62,11.867
2018-05-11,54.172,186.99,79.486,99.265,11.376
2018-05-10,54.534,185.53,78.829,98.882,11.661
2018-05-09,53.956,182.66,78.683,97.222,11.572
2018-05-08,54.27,178.92,81.223,98.987,11.448
2018-05-07,54.063,177.97,80.969,99.66,11.537
2018-05-04,54.28,176.61,82.92,98.368,11.634
2018-05-03,52.821,174.02,81.687,96.045,11.482
2018-05-02,53.357,176.07,81.792,96.881,12.038
2018-05-01,54.702,173.86,82.804,97.309,12.396
2018-04-30,54.173,172.0,83.801,97.571,12.217
2018-04-27,54.92,173.59,82.692,96.502,12.406
2018-04-26,55.879,174.16,83.306,97.095,12.235
2018-04-25,54.309,159.69,82.578,98.368,12.046
2018-04-24,54.399,159.69,81.971,96.725,12.001
2018-04-23,54.73,165.84,81.563,97.395,11.814
2018-04-20,54.579,166.28,82.399,97.485,11.527
2018-04-19,55.729,168.1,83.26,98.121,12.1
2018-04-18,55.991,166.36,82.956,98.427,12.226
2018-04-17,56.301,168.66,83.27,99.365,12.476
2018-04-16,55.925,164.83,82.265,97.485,12.361
2018-04-13,55.747,164.52,81.488,97.591,12.181
2018-04-12,55.925,163.87,80.93,97.63,12.2
2018-04-11,55.917,166.32,81.383,98.032,12.387
2018-04-10,55.907,165.04,81.896,98.585,12.243
2018-04-09,55.238,157.93,81.734,96.959,12.065
2018-04-06,54.901,157.2,82.122,97.591,12.02
2018-04-05,55.652,159.34,83.183,99.305,12.135
2018-04-04,55.361,155.1,82.625,98.179,11.939
2018-04-03,54.579,156.11,82.229,96.687,11.644
2018-04-02,52.923,155.39,81.043,95.947,11.474
2018-03-29,54.478,159.79,84.283,97.679,11.295
2018-03-28,54.488,153.03,83.146,95.831,12.664
2018-03-27,54.073,152.22,81.517,96.628,12.423
2018-03-26,54.389,160.06,82.891,97.885,12.567
2018-03-23,52.989,159.39,80.92,95.831,12.082
2018-03-22,54.364,164.89,82.549,97.836,12.377
2018-03-21,55.023,169.39,83.535,99.017,12.547
2018-03-20,55.203,168.15,83.315,98.565,12.951
2018-03-19,54.862,172.56,82.843,98.694,13.255
2018-03-16,55.522,185.09,84.472,100.04,13.801
2018-03-15,55.869,183.86,82.9,100.4,13.703
2018-03-14,55.361,184.19,83.05,101.04,13.837
2018-03-13,55.567,181.88,83.648,100.88,13.971
2018-03-12,55.898,184.76,83.432,102.28,13.917
2018-03-09,55.013,185.23,84.046,101.85,14.186
2018-03-08,54.083,182.34,83.289,101.17,13.997
2018-03-07,53.667,183.71,82.625,100.74,14.267
2018-03-06,53.667,179.78,83.867,102.05,14.373
2018-03-05,53.631,180.4,84.734,100.57,14.365
2018-03-02,53.574,176.62,83.596,100.16,14.257
2018-03-01,52.859,175.94,83.886,99.75,13.953
2018-02-28,53.734,178.32,84.762,100.32,13.708
2018-02-27,53.235,181.46,86.185,101.98,13.603
2018-02-26,53.799,184.93,87.69,106.78,14.048
2018-02-23,52.831,183.29,87.473,104.3,13.953
2018-02-22,52.133,178.99,87.364,102.35,13.647
2018-02-21,52.792,177.91,86.185,102.16,13.708
2018-02-20,52.67,176.01,88.622,103.06,13.858
2018-02-16,53.149,177.36,98.665,103.6,14.329
2018-02-15,53.244,179.96,97.216,102.29,14.338
2018-02-14,52.688,179.52,95.777,101.73,14.171
2018-02-13,52.387,173.15,95.09,101.25,13.612
2018-02-12,52.114,176.4,93.745,100.55,13.805
2018-02-09,51.363,176.11,93.578,100.26,14.128
2018-02-08,50.598,171.595,94.188,98.565,13.83
2018-02-07,51.248,180.18,96.846,101.88,14.391
2018-02-06,52.049,185.31,95.014,103.25,14.102
2018-02-05,51.188,181.26,94.254,101.83,13.673
2018-02-02,52.198,190.28,98.378,105.71,14.181
2018-02-01,52.414,193.09,99.367,107.46,14.557
2018-01-31,53.172,186.89,100.38,105.68,14.687
2018-01-30,53.527,187.12,101.47,107.08,14.914
2018-01-29,53.369,185.98,103.17,108.47,14.984
2018-01-26,54.277,190.0,102.07,109.11,14.905
2018-01-25,56.674,187.48,100.38,107.52,14.713
2018-01-24,56.935,186.55,99.64,107.47,14.836
2018-01-23,57.739,189.35,99.77,107.38,15.203
2018-01-22,57.478,185.37,99.317,108.04,15.333
2018-01-19,57.336,181.29,98.477,107.56,15.841
2018-01-18,57.177,179.8,98.211,107.39,15.605
2018-01-17,56.775,177.6,96.702,108.9,15.289
2018-01-16,56.683,178.39,94.817,107.65,14.993
2018-01-12,56.531,179.37,94.987,109.37,15.518
2018-01-11,56.159,187.77,94.188,107.93,17.439
2018-01-10,55.988,187.84,93.86,106.46,17.196
2018-01-09,55.39,187.87,94.543,106.91,17.08
2018-01-08,55.512,188.28,95.69,106.99,16.801
2018-01-05,55.792,186.85,94.297,108.55,16.321
2018-01-04,55.156,184.33,93.737,109.15,16.006
2018-01-03,54.948,184.67,93.654,109.19,15.901
2018-01-02,53.941,181.42,92.843,108.73,15.955
2017-12-29,53.752,176.46,92.994,104.55,15.684
2017-12-28,54.11,177.92,93.605,104.81,15.875
2017-12-27,53.602,177.62,93.473,104.68,15.945
2017-12-26,53.479,175.99,93.38,105.14,16.172
2017-12-22,53.632,177.2,92.485,105.68,15.98
2017-12-21,53.893,177.45,92.344,106.56,16.12
2017-12-20,54.032,177.89,92.994,106.68,15.945
2017-12-19,54.297,179.51,93.039,108.74,16.067
2017-12-18,54.315,180.82,92.194,107.97,16.303
2017-12-15,54.511,180.18,91.448,108.21,16.024
2017-12-14,55.877,178.39,91.468,107.54,16.06
2017-12-13,55.68,178.3,92.089,104.65,16.312
2017-12-12,55.474,176.96,91.062,104.47,16.697
2017-12-11,55.287,179.04,91.278,103.89,16.662
2017-12-08,54.856,179.0,90.921,101.36,16.775
2017-12-07,55.352,180.14,91.138,101.55,16.277
2017-12-06,55.482,176.08,91.128,101.75,16.609
2017-12-05,55.541,172.83,91.643,103.44,16.836
2017-12-04,54.997,171.47,90.877,106.34,16.95
2017-12-01,53.65,175.1,91.197,101.54,16.4
2017-11-30,54.119,177.18,91.08,101.12,16.382
2017-11-29,53.827,175.13,91.393,101.53,16.723
2017-11-28,53.031,182.42,90.652,99.76,16.295
2017-11-27,52.33,183.03,90.512,99.166,15.566
2017-11-24,53.162,182.78,90.512,99.017,14.924
2017-11-22,53.479,180.87,90.315,99.116,14.881
2017-11-21,53.593,181.86,90.416,99.375,14.333
2017-11-20,53.172,178.74,91.354,99.126,14.083
2017-11-17,53.285,179.0,91.306,99.79,13.972
2017-11-16,53.575,179.59,93.321,99.95,13.862
2017-11-15,53.069,177.95,84.149,100.03,13.707
2017-11-14,53.003,178.07,85.33,99.53,13.869
2017-11-13,52.733,178.77,85.237,101.04,13.878
2017-11-10,53.106,178.46,85.172,101.08,14.075
2017-11-09,53.404,179.3,84.591,99.057,15.044
2017-11-08,53.916,179.56,84.552,97.611,14.735
2017-11-07,53.217,180.25,83.325,98.032,14.659
2017-11-06,52.668,180.17,83.092,97.095,15.276
2017-11-03,52.167,178.92,84.01,95.163,15.507
2017-11-02,51.088,178.92,83.183,94.883,15.858
2017-11-01,51.327,182.66,82.381,95.54,15.934
2017-10-31,51.058,180.06,81.789,94.361,16.012
2017-10-30,51.366,179.87,81.453,94.583,16.08
2017-10-27,51.096,177.88,82.594,94.843,16.57
2017-10-26,51.121,170.63,83.015,95.084,16.714
2017-10-25,50.423,170.6,82.885,94.352,16.799
2017-10-24,50.539,171.8,82.417,94.824,17.099
2017-10-23,50.529,171.27,83.043,95.22,17.374
2017-10-20,50.806,174.98,81.91,95.896,17.245
2017-10-19,51.58,174.56,80.937,95.52,17.177
2017-10-18,51.402,176.03,80.77,94.786,17.177
2017-10-17,50.75,176.11,80.544,94.892,16.842
2017-10-16,51.121,174.52,80.317,94.671,16.629
2017-10-13,51.875,173.74,81.143,93.947,16.885
2017-10-12,52.109,172.55,80.654,93.512,16.705
2017-10-11,51.804,172.74,80.309,95.076,16.784
2017-10-10,51.599,171.59,78.811,96.068,17.331
2017-10-09,51.225,172.5,75.438,96.059,17.263
2017-10-06,51.366,172.23,74.006,96.542,17.151
2017-10-05,50.834,171.24,74.388,96.58,17.58
2017-10-04,50.209,168.42,74.089,97.008,17.348
2017-10-03,50.265,169.96,74.212,97.241,17.315
2017-10-02,50.098,169.47,73.489,96.34,17.537
2017-09-29,50.007,170.87,73.199,95.094,17.699
2017-09-28,50.743,168.73,73.958,94.593,17.811
2017-09-27,51.197,167.68,74.277,95.741,17.862
2017-09-26,51.327,164.21,74.37,95.153,17.69
2017-09-25,51.16,162.87,74.144,96.059,17.511
2017-09-22,51.289,170.54,74.501,95.123,17.142
2017-09-21,51.215,171.11,74.951,95.404,17.04
2017-09-20,51.347,172.17,75.409,95.713,17.22
2017-09-19,50.851,172.52,74.989,94.959,17.297
2017-09-18,50.92,170.01,74.941,94.641,17.279
2017-09-15,50.9,171.64,75.297,95.048,17.382
2017-09-14,50.764,170.96,74.642,94.449,17.202
2017-09-13,50.549,173.05,74.811,95.335,17.151
2017-09-12,49.848,172.95,74.575,94.44,16.731
2017-09-11,50.294,173.51,74.079,93.667,16.448
2017-09-08,49.801,170.95,73.892,93.648,16.405
2017-09-07,49.782,173.21,75.054,93.638,16.148
2017-09-06,50.565,172.09,75.016,97.924,16.243
2017-09-05,51.327,170.72,74.755,98.022,15.907
2017-09-01,51.141,172.02,73.414,97.924,15.681
2017-08-31,51.078,171.97,73.133,97.63,15.538
2017-08-30,50.76,169.92,73.573,99.245,15.781
2017-08-29,50.369,168.05,73.789,98.947,15.748
2017-08-28,50.647,167.24,73.096,98.937,16.084
2017-08-25,50.61,166.32,73.657,98.793,16.294
2017-08-24,50.219,167.74,73.386,97.944,18.292
2017-08-23,50.351,168.71,74.904,97.924,18.041
2017-08-22,50.694,169.63,74.96,99.146,18.174
2017-08-21,49.484,167.78,74.67,97.601,17.62
2017-08-18,49.066,167.41,74.294,97.153,17.822
2017-08-17,49.38,166.91,74.662,97.807,17.721
2017-08-16,49.829,170.0,75.86,98.595,17.965
2017-08-15,49.484,171.0,75.664,97.934,17.579
2017-08-14,49.548,170.75,75.596,97.827,18.351
2017-08-11,49.512,168.08,75.316,98.397,18.275
2017-08-10,49.41,167.4,75.559,97.777,18.031
2017-08-09,50.033,171.18,76.451,99.206,18.544
2017-08-08,50.76,171.23,75.953,103.21,18.427
2017-08-07,51.56,171.96,75.666,102.6,18.619
2017-08-04,51.384,169.62,74.919,103.89,18.417
2017-08-03,51.609,168.59,75.284,105.27,18.192
2017-08-02,51.375,169.3,74.967,104.84,17.957
2017-08-01,50.728,169.86,74.938,106.71,17.938
2017-07-31,50.031,169.25,74.464,106.05,18.217
2017-07-28,50.05,172.46,74.295,106.08,18.057
2017-07-27,55.147,170.44,74.269,106.12,18.226
2017-07-26,53.701,165.61,73.45,103.17,17.671
2017-07-25,54.267,165.28,73.096,102.66,17.855
2017-07-24,53.775,166.0,71.578,103.23,17.469
2017-07-21,53.738,164.43,70.89,103.32,17.452
2017-07-20,53.784,164.53,70.766,103.57,17.721
2017-07-19,53.859,164.14,70.629,103.05,17.932
2017-07-18,53.953,162.86,70.935,102.02,17.713
2017-07-17,54.063,159.73,71.095,101.09,17.873
2017-07-14,54.462,159.97,71.067,101.38,17.653
2017-07-13,54.112,159.26,69.865,100.61,17.771
2017-07-12,54.257,158.9,68.832,100.7,17.629
2017-07-11,53.664,155.27,68.395,100.18,17.604
2017-07-10,53.581,153.5,68.17,99.94,17.545
2017-07-07,53.794,151.44,70.127,99.68,17.562
2017-07-06,53.387,148.82,70.256,99.71,17.738
2017-07-05,53.701,150.34,70.118,101.15,18.064
2017-07-03,53.986,148.43,70.154,102.91,18.141
2017-06-30,54.043,150.98,70.451,101.76,18.15
2017-06-29,54.093,151.04,70.685,101.23,18.15
2017-06-28,54.851,153.24,71.225,102.33,18.064
2017-06-27,54.648,150.58,70.756,100.95,17.957
2017-06-26,55.276,153.59,70.284,101.09,17.747
2017-06-23,55.433,155.07,69.67,99.94,17.344
2017-06-22,55.157,153.4,70.303,99.8,17.25
2017-06-21,55.573,153.91,70.971,100.36,17.184
2017-06-20,55.48,152.25,70.32,99.53,17.334
2017-06-19,56.446,152.87,70.284,100.91,17.469
2017-06-16,55.741,150.64,70.042,101.03,17.292
2017-06-15,55.695,149.8,73.459,101.49,17.822
2017-06-14,55.86,150.25,74.379,101.65,18.166
2017-06-13,56.464,150.68,74.026,102.04,18.461
2017-06-12,56.807,148.44,73.766,102.51,18.232
2017-06-09,57.643,149.6,73.934,101.14,18.487
2017-06-08,57.685,154.71,73.477,99.9,17.948
2017-06-07,58.855,153.12,73.682,101.43,18.51
2017-06-06,59.466,152.81,73.477,101.02,18.394
2017-06-05,59.568,153.63,74.714,102.0,18.879
2017-06-02,59.846,153.61,74.118,102.64,18.721
2017-06-01,59.086,151.53,74.295,103.62,18.812
2017-05-31,58.955,151.46,73.171,103.36,18.284
2017-05-30,58.631,152.38,72.749,103.75,18.637
2017-05-26,58.67,152.14,72.73,103.81,18.349
2017-05-25,58.298,151.96,72.9,102.72,19.506
2017-05-24,57.361,150.04,72.749,103.14,18.753
2017-05-23,56.678,148.07,73.067,102.49,18.711
2017-05-22,56.75,148.24,73.123,103.07,19.86
2017-05-19,56.872,148.06,73.329,102.97,20.0
2017-05-18,55.443,147.66,72.182,102.15,19.637
2017-05-17,55.361,144.85,69.929,101.81,19.686
2017-05-16,55.592,149.78,69.921,103.4,20.207
2017-05-15,56.027,150.19,71.02,104.5,20.116
2017-05-12,55.548,150.33,70.48,105.05,19.844
2017-05-11,55.86,150.04,70.873,104.94,20.108
2017-05-10,56.222,150.29,71.4,105.02,20.604
2017-05-09,56.518,150.48,70.944,107.32,20.223
2017-05-08,56.252,151.06,70.391,106.71,20.133
2017-05-05,56.259,150.24,70.738,107.24,19.82
2017-05-04,56.149,150.85,70.593,106.46,19.465
2017-05-03,55.926,151.8,70.057,106.89,19.794
2017-05-02,55.843,152.78,69.834,109.52,19.355
2017-05-01,55.551,152.46,69.568,109.87,18.812
2017-04-28,55.437,150.25,69.521,110.7,18.737
2017-04-27,56.583,147.7,69.763,110.93,19.076
2017-04-26,56.82,146.56,69.753,110.68,19.529
2017-04-25,56.269,146.49,69.401,110.3,19.323
2017-04-24,56.408,145.47,69.151,108.89,19.175
2017-04-21,55.946,143.68,69.3,109.58,19.148
2017-04-20,55.455,143.8,69.17,109.93,19.148
2017-04-19,54.499,142.27,68.495,108.91,18.812
2017-04-18,53.86,140.96,68.327,109.35,18.861
2017-04-17,53.611,141.42,67.959,108.96,18.903
2017-04-13,53.086,139.39,67.643,108.39,18.482
2017-04-12,53.148,139.58,67.914,108.25,18.226
2017-04-11,53.427,139.92,67.904,108.28,18.258
2017-04-10,53.489,141.04,67.56,107.66,18.067
2017-04-07,53.555,140.78,67.412,107.81,17.888
2017-04-06,53.462,141.17,66.051,108.26,18.035
2017-04-05,53.739,141.85,66.257,108.21,17.969
2017-04-04,53.832,141.73,66.589,108.25,18.152
2017-04-03,53.944,142.28,66.424,108.39,18.167
2017-03-31,53.897,142.05,66.655,108.58,18.621
2017-03-30,53.683,142.41,66.201,108.37,18.548
2017-03-29,53.11,142.65,65.416,107.76,18.126
2017-03-28,52.935,141.76,65.026,108.26,17.935
2017-03-27,52.827,140.32,64.414,107.63,17.218
2017-03-24,52.438,140.34,64.371,107.39,17.094
2017-03-23,51.553,139.53,64.6,107.49,19.786
2017-03-22,51.591,139.59,64.961,107.33,19.893
2017-03-21,51.266,138.51,64.637,107.0,19.827
2017-03-20,51.514,139.94,64.712,107.93,19.72
2017-03-17,51.486,139.84,64.628,107.01,20.348
2017-03-16,50.581,139.99,65.137,106.98,20.033
2017-03-15,50.344,139.72,65.269,107.12,20.371
2017-03-14,50.092,139.32,65.396,107.56,20.282
2017-03-13,50.425,139.6,64.685,106.79,19.976
2017-03-10,50.334,138.79,64.824,106.22,20.794
2017-03-09,50.943,138.24,64.6,106.33,20.329
2017-03-08,51.45,137.72,64.548,106.14,20.329
2017-03-07,51.872,137.3,64.139,106.16,20.063
2017-03-06,52.317,137.42,64.148,105.98,20.258
2017-03-03,52.706,137.17,64.286,106.53,20.559
2017-03-02,52.715,136.76,64.956,105.9,20.315
2017-03-01,52.742,137.42,64.671,106.34,19.909
2017-02-28,52.492,135.54,65.112,105.43,19.877
2017-02-27,52.41,136.41,65.855,105.56,21.567
2017-02-24,53.057,135.44,66.452,105.65,21.372
2017-02-23,53.204,135.36,65.459,105.08,20.787
2017-02-22,53.139,136.12,65.828,105.46,21.355
2017-02-21,53.11,133.72,65.589,105.35,21.322
2017-02-17,52.935,133.53,63.68,105.4,20.794
2017-02-16,52.365,133.84,63.22,106.01,20.672
2017-02-15,52.483,133.44,63.056,105.51,20.966
2017-02-14,52.225,133.85,63.028,105.66,20.933
2017-02-13,51.793,134.05,62.21,105.01,20.631
2017-02-10,51.891,134.19,62.441,104.62,20.868
2017-02-09,51.514,134.14,63.413,104.85,20.648
2017-02-08,50.971,134.15,62.248,104.38,20.16
2017-02-07,50.989,131.84,61.404,104.38,20.03
2017-02-06,51.21,132.06,60.954,104.93,20.071
2017-02-03,50.593,130.98,61.045,105.63,20.12
2017-02-02,49.501,130.84,61.228,105.92,19.826
2017-02-01,49.527,133.23,60.798,106.59,19.762
2017-01-31,50.743,130.34,61.266,105.96,19.917
2017-01-30,51.368,130.98,60.973,106.24,19.663
2017-01-27,51.569,132.18,60.275,104.66,19.769
2017-01-26,53.719,132.78,61.256,103.48,19.696
2017-01-25,53.941,131.48,61.404,103.46,19.656
2017-01-24,53.7,129.37,61.874,103.33,19.412
2017-01-23,53.077,128.93,61.183,102.58,19.461
2017-01-20,52.984,127.04,61.672,103.1,19.176
2017-01-19,53.195,127.55,62.074,102.73,18.957
2017-01-18,53.709,127.92,62.524,103.57,19.104
2017-01-17,53.295,127.87,62.808,103.39,18.981
2017-01-13,53.157,128.33,61.624,103.48,18.487
2017-01-12,53.322,126.62,62.395,102.98,20.104
2017-01-11,53.389,126.09,62.909,104.8,20.014
2017-01-10,53.185,124.35,62.632,103.79,20.037
2017-01-09,53.478,124.9,63.073,103.77,19.917
2017-01-06,52.496,123.41,62.659,104.36,19.94
2017-01-05,51.879,120.67,63.531,102.83,20.329
2017-01-04,51.449,118.69,63.393,102.89,21.079
2017-01-03,50.859,116.86,63.028,101.59,20.631
2016-12-30,51.017,115.05,63.452,99.8,20.542
2016-12-29,51.753,116.35,63.578,100.13,20.608
2016-12-28,51.783,116.92,63.626,99.88,20.551
2016-12-27,52.249,118.01,63.98,100.71,21.103
2016-12-23,52.385,117.27,63.836,100.69,20.665
2016-12-22,52.478,117.4,63.881,100.95,20.38
2016-12-21,52.78,119.04,65.396,101.08,21.461
2016-12-20,53.02,119.09,65.93,100.98,21.241
2016-12-19,52.974,119.24,65.71,100.84,21.061
2016-12-16,52.984,119.87,65.156,99.5,20.672
2016-12-15,53.03,120.57,65.25,99.97,20.608
2016-12-14,53.983,120.21,65.488,99.64,20.559
2016-12-13,54.503,120.31,65.91,99.444,21.461
2016-12-12,54.001,117.77,65.791,99.65,21.485
2016-12-09,53.983,119.68,64.333,100.42,21.16
2016-12-08,53.894,118.9,64.572,98.997,21.119
2016-12-07,53.992,117.95,64.809,96.919,21.095
2016-12-06,52.78,117.31,64.13,95.657,20.242
2016-12-05,52.838,117.43,63.746,94.992,19.94
2016-12-02,52.569,115.4,64.602,93.604,19.736
2016-12-01,53.766,115.07,64.412,94.022,20.037
2016-11-30,53.269,118.42,64.194,94.194,20.079
2016-11-29,53.452,120.87,65.051,94.717,19.917
2016-11-28,52.918,120.41,64.886,94.052,20.152
2016-11-25,52.77,120.38,64.924,93.908,20.689
2016-11-23,52.918,120.84,64.561,93.377,20.882
2016-11-22,52.487,121.47,63.913,92.855,19.318
2016-11-21,51.551,121.77,63.226,92.778,18.798
2016-11-18,51.247,117.02,62.47,93.358,18.798
2016-11-17,51.321,117.79,63.063,94.432,18.798
2016-11-16,50.944,116.34,65.07,94.194,18.478
2016-11-15,50.161,117.2,65.095,92.845,18.15
2016-11-14,49.594,115.08,64.247,93.052,18.421
2016-11-11,49.325,119.02,64.924,92.825,17.886
2016-11-10,48.998,120.8,65.07,90.24,17.522
2016-11-09,49.921,123.18,64.804,89.936,17.251
2016-11-08,49.958,124.22,63.611,89.689,16.754
2016-11-07,49.84,122.15,63.602,89.736,17.02
2016-11-04,48.249,120.75,63.037,87.856,16.611
2016-11-03,47.352,120.0,63.467,88.728,16.691
2016-11-02,48.461,127.17,63.302,87.343,16.772
2016-11-01,48.023,129.5,63.163,87.798,18.877
2016-10-31,48.54,130.99,63.819,88.082,19.27
2016-10-28,48.961,131.29,63.793,89.185,19.148
2016-10-27,49.017,129.69,63.646,89.346,19.222
2016-10-26,49.054,131.04,63.428,88.844,19.848
2016-10-25,49.092,132.29,63.218,88.14,19.831
2016-10-24,49.556,133.28,63.063,88.728,20.143
2016-10-21,49.054,132.07,62.287,88.406,20.039
2016-10-20,49.017,130.0,62.643,87.456,20.121
2016-10-19,48.614,130.11,62.791,87.361,20.031
2016-10-18,48.119,128.55,62.775,86.639,19.887
2016-10-17,48.258,127.54,62.178,86.314,19.792
2016-10-14,48.55,127.88,62.39,86.762,20.336
2016-10-13,48.432,127.82,62.187,86.591,20.409
2016-10-12,48.624,129.05,61.488,86.867,20.929
2016-10-11,48.404,128.86,61.422,87.294,20.874
2016-10-10,48.751,130.24,61.96,87.892,21.499
2016-10-07,48.898,128.99,62.618,87.892,21.377
2016-10-06,48.604,128.74,63.218,88.215,21.377
2016-10-05,48.795,128.47,65.321,87.856,21.795
2016-10-04,48.961,128.19,65.396,87.989,21.739
2016-10-03,49.247,128.77,65.632,87.892,22.259
2016-09-30,49.519,128.27,65.735,88.244,22.108
2016-09-29,48.89,128.09,64.465,87.237,21.748
2016-09-28,49.373,129.22,65.436,87.617,22.027
2016-09-27,49.564,128.71,65.926,87.162,21.979
2016-09-26,49.43,127.32,65.28,87.389,22.148
2016-09-23,49.786,127.96,65.944,88.635,22.59
2016-09-22,49.766,130.08,65.869,88.768,22.651
2016-09-21,49.373,129.93,65.797,87.798,22.539
2016-09-20,48.751,128.64,65.596,88.33,22.21
2016-09-19,48.496,128.65,65.708,88.027,22.356
2016-09-16,49.154,129.07,66.418,87.959,21.706
2016-09-15,49.483,128.34,65.989,87.902,21.834
2016-09-14,49.308,127.79,65.187,87.675,21.657
2016-09-13,49.373,127.22,65.131,88.092,21.626
2016-09-12,50.061,128.69,65.57,88.986,21.666
2016-09-09,49.72,127.1,64.076,87.827,21.779
2016-09-08,50.579,130.26,65.469,89.413,22.259
2016-09-07,51.514,131.05,65.679,89.051,22.539
2016-09-06,51.239,129.73,66.536,89.139,22.435
2016-09-02,51.386,126.51,66.08,89.727,22.452
2016-09-01,51.504,126.17,66.388,89.575,22.165
2016-08-31,51.431,126.12,65.114,89.765,22.452
2016-08-30,51.589,125.84,64.995,90.145,22.53
2016-08-29,51.953,126.54,65.079,90.154,22.91
2016-08-26,52.401,124.96,64.84,90.478,22.729
2016-08-25,52.401,123.89,64.914,90.8,25.434
2016-08-24,52.218,123.5,65.835,91.057,25.075
2016-08-23,51.589,124.37,65.596,91.201,25.376
2016-08-22,51.086,124.15,66.263,91.104,24.879
2016-08-19,50.253,123.56,66.361,91.599,25.084
2016-08-18,50.791,123.91,67.722,91.847,24.65
2016-08-17,51.038,124.37,66.473,92.055,24.372
2016-08-16,50.644,123.3,66.435,92.063,24.65
2016-08-15,50.537,123.9,66.828,92.273,25.094
2016-08-12,50.739,124.88,67.346,92.026,24.794
2016-08-11,50.739,124.9,67.265,92.91,24.601
2016-08-10,50.873,124.88,67.402,92.997,23.843
2016-08-09,50.49,125.06,66.571,91.867,23.433
2016-08-08,50.634,125.26,66.389,90.991,23.559
2016-08-05,51.128,125.15,66.771,91.067,23.756
2016-08-04,50.691,124.36,66.353,90.431,23.455
2016-08-03,51.167,122.51,66.028,91.314,23.441
2016-08-02,51.887,123.06,66.201,90.288,23.124
2016-08-01,52.529,124.31,66.789,90.791,24.002
2016-07-29,52.912,123.94,66.055,91.181,24.476
2016-07-28,53.059,125.0,66.302,91.142,24.65
2016-07-27,52.731,123.34,66.372,91.542,24.768
2016-07-26,53.149,121.22,66.744,91.885,24.712
2016-07-25,52.822,121.63,66.763,92.548,24.421
2016-07-22,52.773,121.0,66.581,92.855,24.364
2016-07-21,52.5,120.61,66.554,93.139,24.524
2016-07-20,52.448,121.92,66.798,93.339,24.61
2016-07-19,51.736,120.61,66.68,94.526,23.874
2016-07-18,51.879,119.37,66.844,95.173,23.874
2016-07-15,52.329,116.86,66.69,94.839,22.135
2016-07-14,52.491,117.29,66.717,95.0,22.634
2016-07-13,51.479,116.78,66.646,94.916,22.816
2016-07-12,52.392,117.93,66.331,95.22,22.729
2016-07-11,51.335,117.87,67.043,95.01,22.499
2016-07-08,51.508,117.24,66.844,94.669,21.646
2016-07-07,51.87,115.85,66.561,93.518,20.823
2016-07-06,51.726,116.7,66.826,92.883,20.933
2016-07-05,51.745,114.2,66.208,92.138,20.798
2016-07-01,51.945,114.19,65.911,92.487,21.4
2016-06-30,52.064,114.28,66.103,92.287,21.019
2016-06-29,51.717,114.16,65.594,91.496,20.886
2016-06-28,49.997,112.7,64.736,90.617,20.601
2016-06-27,48.936,108.97,64.726,89.041,20.166
2016-06-24,49.84,112.08,65.141,90.307,20.039
2016-06-23,51.162,115.08,65.271,93.42,20.823
2016-06-22,50.697,113.91,64.952,93.203,20.562
2016-06-21,50.869,114.38,64.69,93.231,20.435
2016-06-20,50.479,113.37,64.364,93.939,20.879
2016-06-17,50.414,113.02,64.227,93.4,20.679
2016-06-16,50.615,114.39,64.547,92.816,20.506
2016-06-15,50.45,114.6,64.383,92.712,20.665
2016-06-14,50.65,114.93,64.227,92.835,20.348
2016-06-13,50.167,113.95,63.848,92.051,20.585
2016-06-10,50.011,116.62,64.4,91.835,20.98
2016-06-09,50.66,118.56,64.355,92.305,21.565
2016-06-08,50.332,118.39,64.528,92.497,22.326
2016-06-07,50.404,117.76,64.3,92.787,22.506
2016-06-06,50.67,118.79,64.32,93.193,22.515
2016-06-03,49.776,118.47,64.154,93.166,22.348
2016-06-02,49.786,118.93,64.227,93.137,22.552
2016-06-01,49.968,118.78,63.82,92.947,22.597
2016-05-31,50.032,118.84,64.075,93.608,22.715
2016-05-27,50.269,119.38,64.048,94.621,22.481
2016-05-26,50.395,119.47,64.137,94.165,23.403
2016-05-25,50.269,117.89,63.803,94.213,23.207
2016-05-24,50.535,117.69,63.584,93.881,22.403
2016-05-23,49.767,115.97,62.915,93.57,22.224
2016-05-20,49.786,117.35,63.241,94.136,22.232
2016-05-19,49.721,116.81,62.643,92.845,22.287
2016-05-18,49.948,117.65,57.166,93.4,21.881
2016-05-17,50.023,117.35,58.932,94.288,22.216
2016-05-16,50.615,118.66,59.765,94.689,22.652
2016-05-13,50.879,119.81,58.786,94.839,22.426
2016-05-12,51.317,120.28,60.515,95.963,22.715
2016-05-11,51.253,119.53,60.118,96.504,22.794
2016-05-10,52.401,120.5,61.82,100.57,23.825
2016-05-09,51.628,119.24,61.963,99.385,23.566
2016-05-06,51.325,119.48,61.335,99.57,23.488
2016-05-05,51.272,117.81,60.399,98.987,23.504
2016-05-04,51.399,118.06,60.382,97.807,23.996
2016-05-03,51.272,117.43,60.211,97.914,24.431
2016-05-02,52.1,118.57,60.742,98.467,25.26
2016-04-29,51.077,117.58,60.094,97.425,25.603
2016-04-28,51.247,116.73,61.927,98.15,25.682
2016-04-27,51.68,108.94,62.386,99.325,26.056
2016-04-26,52.428,108.76,62.275,98.947,26.01
2016-04-25,52.474,110.1,62.43,98.664,25.603
2016-04-22,52.391,110.56,61.754,97.904,25.603
2016-04-21,55.08,113.44,61.532,97.095,25.221
2016-04-20,55.316,112.42,62.196,97.435,25.676
2016-04-19,55.316,112.29,62.699,96.833,25.331
2016-04-18,55.307,110.45,62.783,95.743,25.143
2016-04-15,54.962,109.64,62.063,93.015,24.814
2016-04-14,54.615,110.84,61.829,93.051,24.707
2016-04-13,54.689,110.51,62.144,93.854,24.565
2016-04-12,54.044,110.61,61.829,91.845,23.488
2016-04-11,55.316,108.99,60.572,90.826,23.325
2016-04-08,55.443,110.63,61.164,90.968,23.019
2016-04-07,55.561,113.64,61.308,90.722,22.731
2016-04-06,55.251,113.71,62.045,91.967,23.488
2016-04-05,54.536,112.22,61.688,91.514,23.645
2016-04-04,54.726,112.55,62.099,93.099,24.144
2016-04-01,55.426,116.06,62.063,93.468,24.465
2016-03-31,54.225,114.1,61.551,93.694,24.768
2016-03-30,54.508,114.7,61.829,93.316,24.794
2016-03-29,54.092,116.14,61.139,92.609,24.596
2016-03-28,53.554,113.69,61.216,92.542,23.488
2016-03-24,53.009,113.05,61.111,91.722,23.628
2016-03-23,53.437,112.54,60.623,91.355,23.707
2016-03-22,53.937,112.25,60.993,92.059,23.559
2016-03-21,53.68,111.85,61.082,92.891,24.082
2016-03-18,54.225,111.45,60.166,93.59,24.065
2016-03-17,54.092,111.02,60.616,93.968,24.479
2016-03-16,54.197,112.18,61.101,92.873,24.909
2016-03-15,53.662,110.67,61.19,92.684,24.027
2016-03-14,53.273,109.89,60.535,93.221,24.713
2016-03-11,52.309,109.41,60.364,92.4,24.004
2016-03-10,52.246,107.32,60.581,91.551,23.763
2016-03-09,51.838,107.51,60.686,92.138,24.424
2016-03-08,52.318,105.93,60.695,92.287,23.512
2016-03-07,52.683,105.73,60.564,93.768,23.996
2016-03-04,53.316,108.39,59.572,92.91,24.378
2016-03-03,53.628,109.58,59.002,93.231,25.244
2016-03-02,54.101,109.95,59.061,91.514,24.149
2016-03-01,54.536,109.82,59.287,92.129,23.879
2016-02-29,52.866,106.93,59.181,90.118,23.785
